id,iso_8601,format_name,transaction_time
"1","2022-12-16T02:59:36+00:00","RFC2822","Fri, 16 Dec 2022 02:59:36 +0000"
"2","2022-12-25T02:59:36+00:00","RFC822","Sun, 25 Dec 22 02:59:36 +0000"
"3","2022-03-31T02:59:36+00:00","RFC850","Thursday, 31-Mar-22 02:59:36 UTC"
"4","2022-06-02T02:59:36+00:00","RFC1036","Thu, 02 Jun 22 02:59:36 +0000"
"5","2022-02-17T02:59:36+00:00","RFC1123","Thu, 17 Feb 2022 02:59:36 +0000"
"6","2022-03-28T02:59:36+00:00","W3C","2022-03-28 02:59:36+00:00"
"7","2022-10-22T02:59:36+00:00","RFC3339","2022-10-22 02:59:36+00:00"
"8","2022-10-02T02:59:36+00:00","W3C","2022-10-02 02:59:36+00:00"
"9","2022-01-03T02:59:36+00:00","Cookie","Monday, 03-Jan-2022 02:59:36 UTC"
"10","2022-08-25T02:59:36+00:00","RSS","Thu, 25 Aug 2022 02:59:36 +0000"
"11","2022-05-29T02:59:36+00:00","ISO8601","2022-05-29T02:59:36+00:00"
"12","2022-08-02T02:59:36+00:00","Atom","2022-08-02 02:59:36+00:00"
"13","2022-10-18T02:59:36+00:00","W3C","2022-10-18 02:59:36+00:00"
